dataset,method,attack,corruption,participation,seed,acc_at_round10,acc_at_round25
cifar10,FedAvg,none,0.0,0.1,7,55.25,59.35
cifar10,FedAvg,none,0.0,0.1,42,51.29,62.77
cifar10,FedAvg,label_flip,0.1,0.1,7,53.99,24.99
cifar10,FedAvg,label_flip,0.1,0.1,42,51.20,62.06
cifar10,FedAvg,label_flip,0.1,0.5,42,63.40,68.06
cifar10,FedAvg,none,0.0,0.5,42,66.20,68.95
cifar10,FedAvg,none,0.0,0.5,7,65.03,67.98
cifar10,FedAvg,label_flip,0.1,0.5,7,63.10,53.15
cifar10,FedAvg,label_flip,0.2,0.1,42,48.07,59.06
cifar10,FedAvg,label_flip,0.2,0.1,7,52.47,20.34
cifar10,FedAvg,label_flip,0.2,0.5,42,40.91,48.01
cifar10,FedAvg,label_flip,0.3,0.1,7,15.25,24.12
cifar10,FedAvg,label_flip,0.3,0.1,42,20.37,58.19
cifar10,FedAvg,label_flip,0.2,0.5,7,56.85,42.12
cifar10,FedAvg,sign_flip,0.1,0.1,42,47.56,59.43
cifar10,FedAvg,sign_flip,0.1,0.1,7,53.03,38.39
cifar10,FedAvg,label_flip,0.3,0.5,42,16.80,44.92
cifar10,FedAvg,label_flip,0.3,0.5,7,30.12,22.36
cifar10,FedAvg,sign_flip,0.2,0.1,42,10.00,10.00
cifar10,FedAvg,sign_flip,0.2,0.1,7,45.09,31.97
cifar10,FedAvg,sign_flip,0.1,0.5,42,55.01,65.10
cifar10,FedAvg,sign_flip,0.1,0.5,7,54.46,54.27
cifar10,FedAvg,sign_flip,0.3,0.1,42,10.00,10.00
cifar10,FedAvg,sign_flip,0.2,0.5,42,42.13,54.63
cifar10,FedAvg,sign_flip,0.3,0.1,7,30.09,10.01
cifar10,FedAvg,sign_flip,0.2,0.5,7,46.03,35.66
cifar10,FedAvg,gaussian,0.1,0.1,42,49.10,60.10
cifar10,FedAvg,gaussian,0.1,0.1,7,53.38,58.73
cifar10,FedAvg,sign_flip,0.3,0.5,42,15.94,44.76
cifar10,FedAvg,sign_flip,0.3,0.5,7,12.32,24.01
cifar10,FedAvg,gaussian,0.2,0.1,42,47.49,59.43
cifar10,FedAvg,gaussian,0.1,0.5,42,64.00,68.05
cifar10,FedAvg,gaussian,0.2,0.1,7,52.41,56.91
cifar10,FedAvg,gaussian,0.1,0.5,7,63.65,67.47
cifar10,FedAvg,gaussian,0.3,0.1,42,53.41,56.66
cifar10,FedAvg,gaussian,0.3,0.1,7,53.50,60.77
cifar10,FedAvg,gaussian,0.2,0.5,42,61.65,67.18
cifar10,FedAvg,gaussian,0.2,0.5,7,61.85,65.65
cifar10,FedAvg,alie,0.1,0.1,42,51.22,61.06
cifar10,FedAvg,alie,0.1,0.1,7,55.32,58.95
cifar10,FedAvg,gaussian,0.3,0.5,42,58.09,65.48
cifar10,FedAvg,gaussian,0.3,0.5,7,61.17,64.95
cifar10,FedAvg,alie,0.2,0.1,42,51.77,61.49
cifar10,FedAvg,alie,0.1,0.5,42,66.38,68.25
cifar10,FedAvg,alie,0.2,0.1,7,54.64,59.49
cifar10,FedAvg,alie,0.1,0.5,7,64.89,68.29
cifar10,FedAvg,alie,0.3,0.1,42,51.71,62.25
cifar10,FedAvg,alie,0.2,0.5,42,66.44,68.83
cifar10,FedAvg,alie,0.3,0.1,7,54.93,59.28
cifar10,FedAvg,alie,0.2,0.5,7,65.19,68.14
cifar10,FedAvg,ipm,0.1,0.1,42,53.05,59.87
cifar10,FedAvg,ipm,0.1,0.1,7,55.01,58.19
cifar10,FedAvg,alie,0.3,0.5,42,66.47,69.16
cifar10,FedAvg,alie,0.3,0.5,7,65.56,67.90
cifar10,FedAvg,ipm,0.2,0.1,42,52.20,62.82
cifar10,FedAvg,ipm,0.1,0.5,42,66.20,68.44
cifar10,FedAvg,ipm,0.2,0.1,7,54.44,57.53
cifar10,FedAvg,ipm,0.1,0.5,7,64.96,68.13
cifar10,FedAvg,ipm,0.3,0.1,42,51.55,61.25
cifar10,FedAvg,ipm,0.2,0.5,42,66.62,69.64
cifar10,FedAvg,ipm,0.3,0.1,7,54.23,59.12
cifar10,FedAvg,ipm,0.2,0.5,7,65.73,68.31
cifar10,FedAvg,ipm,0.3,0.5,42,66.18,68.89
cifar10,FedAvg,ipm,0.3,0.5,7,65.17,68.08
cifar100,FedAvg,none,0.0,0.5,42,31.20,36.37
cifar100,FedAvg,none,0.0,0.5,7,30.71,35.53
cifar100,FedAvg,label_flip,0.2,0.5,42,26.03,30.99
cifar100,FedAvg,label_flip,0.2,0.5,7,26.56,29.49
cifar100,FedAvg,sign_flip,0.2,0.5,42,20.02,28.94
cifar100,FedAvg,sign_flip,0.2,0.5,7,18.96,27.60
cifar10,Median,none,0.0,0.1,42,40.17,42.41
cifar10,Median,none,0.0,0.1,7,41.82,40.32
cifar100,FedAvg,gaussian,0.2,0.5,42,28.68,34.84
cifar100,FedAvg,gaussian,0.2,0.5,7,27.69,34.46
cifar10,Median,none,0.0,0.5,42,61.04,66.38
cifar10,Median,label_flip,0.1,0.1,42,39.63,39.16
cifar10,Median,label_flip,0.1,0.1,7,44.02,25.94
cifar10,Median,none,0.0,0.5,7,61.96,66.14
cifar10,Median,label_flip,0.2,0.1,7,37.06,27.16
cifar10,Median,label_flip,0.2,0.1,42,36.00,28.52
cifar10,Median,label_flip,0.1,0.5,42,59.39,65.36
cifar10,Median,label_flip,0.3,0.1,42,15.24,25.04
cifar10,Median,label_flip,0.1,0.5,7,58.45,61.37
cifar10,Median,label_flip,0.2,0.5,42,51.22,60.39
cifar10,Median,label_flip,0.3,0.1,7,24.94,23.73
cifar10,Median,label_flip,0.2,0.5,7,55.27,57.09
cifar10,Median,sign_flip,0.1,0.1,42,20.73,30.68
cifar10,Median,label_flip,0.3,0.5,42,35.43,52.67
cifar10,Median,sign_flip,0.1,0.1,7,24.01,14.80
cifar10,Median,label_flip,0.3,0.5,7,41.25,34.87
cifar10,Median,sign_flip,0.2,0.1,42,10.00,10.00
cifar10,Median,sign_flip,0.2,0.1,7,10.00,10.00
cifar10,Median,sign_flip,0.1,0.5,42,57.64,64.35
cifar10,Median,sign_flip,0.1,0.5,7,56.38,60.01
cifar10,Median,sign_flip,0.3,0.1,42,10.00,10.00
cifar10,Median,sign_flip,0.3,0.1,7,10.01,10.00
cifar10,Median,sign_flip,0.2,0.5,42,47.49,58.42
cifar10,Median,sign_flip,0.2,0.5,7,49.51,51.95
cifar10,Median,gaussian,0.1,0.1,42,30.09,36.82
cifar10,Median,sign_flip,0.3,0.5,42,30.02,46.08
cifar10,Median,gaussian,0.1,0.1,7,38.38,36.40
cifar10,Median,sign_flip,0.3,0.5,7,37.41,38.80
cifar10,Median,gaussian,0.2,0.1,42,20.92,23.73
cifar10,Median,gaussian,0.2,0.1,7,29.14,29.22
cifar10,Median,gaussian,0.1,0.5,42,60.22,65.79
cifar10,Median,gaussian,0.1,0.5,7,61.07,64.71
cifar10,Median,gaussian,0.3,0.1,42,12.72,20.87
cifar10,Median,gaussian,0.2,0.5,42,57.05,64.19
cifar10,Median,gaussian,0.3,0.1,7,21.78,25.51
cifar10,Median,gaussian,0.2,0.5,7,60.02,63.57
cifar10,Median,alie,0.1,0.1,42,39.56,39.12
cifar10,Median,gaussian,0.3,0.5,42,51.14,62.50
cifar10,Median,alie,0.1,0.1,7,42.60,41.55
cifar10,Median,gaussian,0.3,0.5,7,57.89,61.89
cifar10,Median,alie,0.2,0.1,42,38.88,40.99
cifar10,Median,alie,0.2,0.1,7,43.37,41.61
cifar10,Median,alie,0.1,0.5,42,60.77,66.36
cifar10,Median,alie,0.3,0.1,42,40.52,39.39
cifar10,Median,alie,0.1,0.5,7,62.35,66.06
cifar10,Median,alie,0.2,0.5,42,60.77,66.59
cifar10,Median,alie,0.3,0.1,7,45.78,36.99
cifar10,Median,alie,0.2,0.5,7,62.18,66.21
cifar10,Median,ipm,0.1,0.1,42,38.59,40.01
cifar10,Median,alie,0.3,0.5,42,60.44,66.48
cifar10,Median,ipm,0.1,0.1,7,44.84,39.74
cifar10,Median,alie,0.3,0.5,7,62.67,66.50
cifar10,Median,ipm,0.2,0.1,42,38.00,42.35
cifar10,Median,ipm,0.2,0.1,7,44.97,40.19
cifar10,Median,ipm,0.1,0.5,42,60.69,66.76
cifar10,Median,ipm,0.3,0.1,42,37.33,42.88
cifar10,Median,ipm,0.1,0.5,7,62.79,66.10
cifar10,Median,ipm,0.2,0.5,42,60.88,66.75
cifar10,Median,ipm,0.3,0.1,7,44.99,41.06
cifar10,Median,ipm,0.2,0.5,7,62.47,66.44
cifar10,Median,ipm,0.3,0.5,42,60.56,66.83
cifar10,Median,ipm,0.3,0.5,7,62.33,66.36
cifar100,Median,none,0.0,0.5,42,22.95,31.20
cifar100,Median,none,0.0,0.5,7,23.51,30.29
cifar100,Median,label_flip,0.2,0.5,42,16.18,25.70
cifar100,Median,label_flip,0.2,0.5,7,17.17,24.29
cifar100,Median,sign_flip,0.2,0.5,42,13.60,23.51
cifar10,Krum,none,0.0,0.1,42,45.41,51.31
cifar100,Median,sign_flip,0.2,0.5,7,12.61,20.87
cifar10,Krum,none,0.0,0.1,7,34.57,44.90
cifar100,Median,gaussian,0.2,0.5,42,19.60,28.62
cifar100,Median,gaussian,0.2,0.5,7,18.39,28.10
cifar10,Krum,none,0.0,0.5,42,34.80,39.60
cifar10,Krum,label_flip,0.1,0.1,42,42.15,51.65
cifar10,Krum,label_flip,0.1,0.1,7,36.04,40.91
cifar10,Krum,none,0.0,0.5,7,34.42,35.24
cifar10,Krum,label_flip,0.2,0.1,42,43.69,44.40
cifar10,Krum,label_flip,0.2,0.1,7,30.27,41.08
cifar10,Krum,label_flip,0.1,0.5,42,37.12,40.79
cifar10,Krum,label_flip,0.3,0.1,42,13.55,43.71
cifar10,Krum,label_flip,0.1,0.5,7,35.50,41.01
cifar10,Krum,label_flip,0.2,0.5,42,36.21,41.83
cifar10,Krum,label_flip,0.3,0.1,7,33.52,39.88
cifar10,Krum,label_flip,0.2,0.5,7,35.12,37.20
cifar10,Krum,sign_flip,0.1,0.1,42,38.89,46.50
cifar10,Krum,sign_flip,0.1,0.1,7,34.61,37.53
cifar10,Krum,label_flip,0.3,0.5,42,36.30,40.42
cifar10,Krum,label_flip,0.3,0.5,7,36.06,40.08
cifar10,Krum,sign_flip,0.2,0.1,42,34.67,16.05
cifar10,Krum,sign_flip,0.2,0.1,7,14.55,10.00
cifar10,Krum,sign_flip,0.1,0.5,42,36.86,40.44
cifar10,Krum,sign_flip,0.3,0.1,42,10.00,10.00
cifar10,Krum,sign_flip,0.1,0.5,7,35.97,41.00
cifar10,Krum,sign_flip,0.2,0.5,42,38.43,41.15
cifar10,Krum,sign_flip,0.3,0.1,7,10.82,10.00
cifar10,Krum,sign_flip,0.2,0.5,7,35.01,37.96
cifar10,Krum,gaussian,0.1,0.1,42,44.86,53.43
cifar10,Krum,sign_flip,0.3,0.5,42,32.52,40.72
cifar10,Krum,gaussian,0.1,0.1,7,37.19,46.91
cifar10,Krum,sign_flip,0.3,0.5,7,35.70,42.04
cifar10,Krum,gaussian,0.2,0.1,42,43.04,47.82
cifar10,Krum,gaussian,0.2,0.1,7,37.65,46.90
cifar10,Krum,gaussian,0.1,0.5,42,36.75,40.08
cifar10,Krum,gaussian,0.1,0.5,7,34.94,37.76
cifar10,Krum,gaussian,0.3,0.1,42,41.85,47.53
cifar10,Krum,gaussian,0.2,0.5,42,35.39,38.67
cifar10,Krum,gaussian,0.3,0.1,7,37.69,44.06
cifar10,Krum,gaussian,0.2,0.5,7,35.11,40.16
cifar10,Krum,alie,0.1,0.1,42,46.28,52.02
cifar10,Krum,alie,0.1,0.1,7,35.80,45.61
cifar10,Krum,gaussian,0.3,0.5,42,34.03,38.45
cifar10,Krum,gaussian,0.3,0.5,7,36.03,41.37
cifar10,Krum,alie,0.2,0.1,42,46.26,51.25
cifar10,Krum,alie,0.1,0.5,42,34.84,39.65
cifar10,Krum,alie,0.2,0.1,7,36.85,45.44
cifar10,Krum,alie,0.3,0.1,42,47.58,51.63
cifar10,Krum,alie,0.1,0.5,7,35.99,37.59
cifar10,Krum,alie,0.2,0.5,42,35.03,41.27
cifar10,Krum,alie,0.3,0.1,7,39.37,46.31
cifar10,Krum,alie,0.2,0.5,7,35.82,39.09
cifar10,Krum,ipm,0.1,0.1,42,47.53,50.09
cifar10,Krum,alie,0.3,0.5,42,35.13,40.43
cifar10,Krum,ipm,0.1,0.1,7,37.99,48.53
cifar10,Krum,alie,0.3,0.5,7,35.14,40.50
cifar10,Krum,ipm,0.2,0.1,42,47.37,52.70
cifar10,Krum,ipm,0.1,0.5,42,33.96,40.98
cifar10,Krum,ipm,0.2,0.1,7,38.11,48.04
cifar10,Krum,ipm,0.1,0.5,7,34.17,37.26
cifar10,Krum,ipm,0.3,0.1,42,49.04,51.07
cifar10,Krum,ipm,0.2,0.5,42,35.43,40.61
cifar10,Krum,ipm,0.3,0.1,7,36.43,46.69
cifar10,Krum,ipm,0.2,0.5,7,35.85,38.96
cifar10,Krum,ipm,0.3,0.5,42,36.88,40.48
cifar10,Krum,ipm,0.3,0.5,7,37.80,38.25
cifar100,Krum,none,0.0,0.5,42,14.04,13.78
cifar100,Krum,none,0.0,0.5,7,12.90,17.60
cifar100,Krum,label_flip,0.2,0.5,42,12.97,16.64
cifar100,Krum,label_flip,0.2,0.5,7,13.82,1.96
cifar100,Krum,sign_flip,0.2,0.5,42,15.09,16.51
cifar100,Krum,sign_flip,0.2,0.5,7,12.42,15.11
cifar10,Bulyan,none,0.0,0.1,42,53.74,64.31
cifar100,Krum,gaussian,0.2,0.5,42,13.04,17.00
cifar10,Bulyan,none,0.0,0.1,7,60.90,63.57
cifar100,Krum,gaussian,0.2,0.5,7,12.29,15.38
cifar10,Bulyan,none,0.0,0.5,42,65.44,69.40
cifar10,Bulyan,label_flip,0.1,0.1,42,33.16,62.99
cifar10,Bulyan,label_flip,0.1,0.1,7,59.71,46.75
cifar10,Bulyan,none,0.0,0.5,7,65.56,69.39
cifar10,Bulyan,label_flip,0.2,0.1,42,31.33,43.39
cifar10,Bulyan,label_flip,0.2,0.1,7,58.16,40.13
cifar10,Bulyan,label_flip,0.1,0.5,42,61.28,66.67
cifar10,Bulyan,label_flip,0.1,0.5,7,61.16,64.51
cifar10,Bulyan,label_flip,0.3,0.1,42,13.49,43.97
cifar10,Bulyan,label_flip,0.2,0.5,42,56.07,61.66
cifar10,Bulyan,label_flip,0.3,0.1,7,35.92,47.27
cifar10,Bulyan,label_flip,0.2,0.5,7,59.17,59.28
cifar10,Bulyan,sign_flip,0.1,0.1,42,46.04,60.66
cifar10,Bulyan,sign_flip,0.1,0.1,7,57.22,59.42
cifar10,Bulyan,label_flip,0.3,0.5,42,42.07,55.32
cifar10,Bulyan,label_flip,0.3,0.5,7,51.29,44.04
cifar10,Bulyan,sign_flip,0.2,0.1,42,42.59,48.95
cifar10,Bulyan,sign_flip,0.1,0.5,42,59.39,65.53
cifar10,Bulyan,sign_flip,0.2,0.1,7,50.56,54.88
cifar10,Bulyan,sign_flip,0.1,0.5,7,58.31,62.87
cifar10,Bulyan,sign_flip,0.3,0.1,42,10.00,10.00
cifar10,Bulyan,sign_flip,0.3,0.1,7,50.28,40.78
cifar10,Bulyan,sign_flip,0.2,0.5,42,49.87,60.24
cifar10,Bulyan,sign_flip,0.2,0.5,7,56.99,59.73
cifar10,Bulyan,gaussian,0.1,0.1,42,57.72,64.23
cifar10,Bulyan,sign_flip,0.3,0.5,42,36.85,51.45
cifar10,Bulyan,gaussian,0.1,0.1,7,60.12,62.52
cifar10,Bulyan,sign_flip,0.3,0.5,7,44.49,32.28
cifar10,Bulyan,gaussian,0.2,0.1,42,56.54,64.13
cifar10,Bulyan,gaussian,0.1,0.5,42,61.97,66.33
cifar10,Bulyan,gaussian,0.2,0.1,7,57.24,61.26
cifar10,Bulyan,gaussian,0.1,0.5,7,62.06,66.52
cifar10,Bulyan,gaussian,0.3,0.1,42,54.83,64.04
cifar10,Bulyan,gaussian,0.2,0.5,42,56.03,62.00
cifar10,Bulyan,gaussian,0.3,0.1,7,57.02,60.38
cifar10,Bulyan,gaussian,0.2,0.5,7,58.97,61.31
cifar10,Bulyan,alie,0.1,0.1,42,53.04,63.81
cifar10,Bulyan,gaussian,0.3,0.5,42,48.39,55.08
cifar10,Bulyan,alie,0.1,0.1,7,61.41,62.32
cifar10,Bulyan,gaussian,0.3,0.5,7,52.31,57.73
cifar10,Bulyan,alie,0.2,0.1,42,51.65,64.76
cifar10,Bulyan,alie,0.1,0.5,42,62.60,67.42
cifar10,Bulyan,alie,0.2,0.1,7,60.74,63.06
cifar10,Bulyan,alie,0.1,0.5,7,64.22,67.41
cifar10,Bulyan,alie,0.3,0.1,42,53.48,64.74
cifar10,Bulyan,alie,0.2,0.5,42,55.68,62.66
cifar10,Bulyan,alie,0.3,0.1,7,61.23,62.34
cifar10,Bulyan,alie,0.2,0.5,7,59.70,63.69
cifar10,Bulyan,ipm,0.1,0.1,42,52.70,63.23
cifar10,Bulyan,alie,0.3,0.5,42,50.81,55.23
cifar10,Bulyan,ipm,0.1,0.1,7,60.94,62.86
cifar10,Bulyan,alie,0.3,0.5,7,56.70,56.58
cifar10,Bulyan,ipm,0.2,0.1,42,52.99,64.48
cifar10,Bulyan,ipm,0.1,0.5,42,62.44,67.45
cifar10,Bulyan,ipm,0.2,0.1,7,61.34,63.14
cifar10,Bulyan,ipm,0.1,0.5,7,64.20,67.28
cifar10,Bulyan,ipm,0.3,0.1,42,52.95,64.79
cifar10,Bulyan,ipm,0.2,0.5,42,55.93,62.31
cifar10,Bulyan,ipm,0.3,0.1,7,60.45,63.20
cifar10,Bulyan,ipm,0.2,0.5,7,59.59,62.06
cifar10,Bulyan,ipm,0.3,0.5,42,51.56,57.98
cifar10,Bulyan,ipm,0.3,0.5,7,56.94,57.35
cifar100,Bulyan,none,0.0,0.5,42,31.48,36.78
cifar100,Bulyan,none,0.0,0.5,7,31.75,36.92
cifar100,Bulyan,label_flip,0.2,0.5,42,23.21,30.13
cifar100,Bulyan,label_flip,0.2,0.5,7,24.48,28.36
cifar100,Bulyan,sign_flip,0.2,0.5,42,19.04,29.06
cifar100,Bulyan,sign_flip,0.2,0.5,7,19.27,27.82
cifar10,FLTrust,none,0.0,0.1,42,54.42,64.68
cifar10,FLTrust,none,0.0,0.1,7,54.40,60.37
cifar100,Bulyan,gaussian,0.2,0.5,42,24.88,31.59
cifar10,FLTrust,none,0.0,0.5,42,57.83,65.98
cifar100,Bulyan,gaussian,0.2,0.5,7,25.79,32.76
cifar10,FLTrust,label_flip,0.1,0.1,42,54.62,65.27
cifar10,FLTrust,none,0.0,0.5,7,59.10,67.44
cifar10,FLTrust,label_flip,0.1,0.1,7,54.26,53.36
cifar10,FLTrust,label_flip,0.2,0.1,42,52.75,62.06
cifar10,FLTrust,label_flip,0.2,0.1,7,54.04,51.14
cifar10,FLTrust,label_flip,0.1,0.5,42,56.60,65.51
cifar10,FLTrust,label_flip,0.3,0.1,42,50.04,62.03
cifar10,FLTrust,label_flip,0.1,0.5,7,57.61,65.81
cifar10,FLTrust,label_flip,0.2,0.5,42,55.63,63.53
cifar10,FLTrust,label_flip,0.3,0.1,7,47.87,53.44
cifar10,FLTrust,label_flip,0.2,0.5,7,57.60,64.94
cifar10,FLTrust,sign_flip,0.1,0.1,42,54.78,65.21
cifar10,FLTrust,sign_flip,0.1,0.1,7,54.25,55.19
cifar10,FLTrust,label_flip,0.3,0.5,42,53.89,62.23
cifar10,FLTrust,label_flip,0.3,0.5,7,55.89,63.45
cifar10,FLTrust,sign_flip,0.2,0.1,42,50.57,61.56
cifar10,FLTrust,sign_flip,0.2,0.1,7,54.80,54.50
cifar10,FLTrust,sign_flip,0.1,0.5,42,56.45,66.15
cifar10,FLTrust,sign_flip,0.3,0.1,42,43.55,59.52
cifar10,FLTrust,sign_flip,0.1,0.5,7,57.49,66.14
cifar10,FLTrust,sign_flip,0.2,0.5,42,55.27,64.23
cifar10,FLTrust,sign_flip,0.3,0.1,7,44.78,54.59
cifar10,FLTrust,sign_flip,0.2,0.5,7,57.32,65.16
cifar10,FLTrust,gaussian,0.1,0.1,42,55.38,65.11
cifar10,FLTrust,sign_flip,0.3,0.5,42,52.18,62.63
cifar10,FLTrust,gaussian,0.1,0.1,7,54.09,55.83
cifar10,FLTrust,sign_flip,0.3,0.5,7,55.50,61.80
cifar10,FLTrust,gaussian,0.2,0.1,42,52.70,62.38
cifar10,FLTrust,gaussian,0.2,0.1,7,54.79,54.67
cifar10,FLTrust,gaussian,0.1,0.5,42,56.42,65.97
cifar10,FLTrust,gaussian,0.1,0.5,7,57.41,66.62
cifar10,FLTrust,gaussian,0.3,0.1,42,49.49,61.85
cifar10,FLTrust,gaussian,0.2,0.5,42,55.34,64.66
cifar10,FLTrust,gaussian,0.3,0.1,7,44.75,54.54
cifar10,FLTrust,gaussian,0.2,0.5,7,57.06,64.71
cifar10,FLTrust,alie,0.1,0.1,42,54.34,64.82
cifar10,FLTrust,gaussian,0.3,0.5,42,52.00,63.20
cifar10,FLTrust,alie,0.1,0.1,7,54.61,59.90
cifar10,FLTrust,gaussian,0.3,0.5,7,55.48,62.25
cifar10,FLTrust,alie,0.2,0.1,42,54.44,65.22
cifar10,FLTrust,alie,0.2,0.1,7,54.90,59.78
cifar10,FLTrust,alie,0.1,0.5,42,58.01,66.09
cifar10,FLTrust,alie,0.3,0.1,42,54.15,65.11
cifar10,FLTrust,alie,0.1,0.5,7,59.03,67.30
cifar10,FLTrust,alie,0.2,0.5,42,57.83,66.08
cifar10,FLTrust,alie,0.3,0.1,7,54.63,59.74
cifar10,FLTrust,alie,0.2,0.5,7,58.93,67.35
cifar10,FLTrust,ipm,0.1,0.1,42,54.80,65.35
cifar10,FLTrust,alie,0.3,0.5,42,57.75,66.21
cifar10,FLTrust,ipm,0.1,0.1,7,54.46,59.77
cifar10,FLTrust,alie,0.3,0.5,7,59.04,67.52
cifar10,FLTrust,ipm,0.2,0.1,42,54.42,65.20
cifar10,FLTrust,ipm,0.2,0.1,7,54.12,59.39
cifar10,FLTrust,ipm,0.1,0.5,42,57.79,66.44
cifar10,FLTrust,ipm,0.3,0.1,42,54.54,64.61
cifar10,FLTrust,ipm,0.1,0.5,7,59.10,67.49
cifar10,FLTrust,ipm,0.2,0.5,42,57.86,66.16
cifar10,FLTrust,ipm,0.3,0.1,7,54.64,59.71
cifar10,FLTrust,ipm,0.2,0.5,7,58.96,67.55
cifar10,FLTrust,ipm,0.3,0.5,42,57.81,66.07
cifar10,FLTrust,ipm,0.3,0.5,7,59.21,67.44
cifar100,FLTrust,none,0.0,0.5,42,18.84,32.50
cifar100,FLTrust,none,0.0,0.5,7,18.76,32.25
cifar100,FLTrust,label_flip,0.2,0.5,42,16.90,31.54
cifar100,FLTrust,label_flip,0.2,0.5,7,17.26,31.60
cifar100,FLTrust,sign_flip,0.2,0.5,42,17.10,31.51
cifar100,FLTrust,sign_flip,0.2,0.5,7,17.59,31.93
cifar100,FLTrust,gaussian,0.2,0.5,42,16.97,31.38
cifar100,FLTrust,gaussian,0.2,0.5,7,17.58,31.82
cifar10,SWB,none,0.0,0.1,42,50.79,58.65
cifar10,SWB,none,0.0,0.1,7,56.82,54.88
cifar10,SWB,none,0.0,0.5,42,59.44,63.10
cifar10,SWB,none,0.0,0.5,7,59.28,61.09
cifar10,SWB,label_flip,0.1,0.1,42,50.91,56.53
cifar10,SWB,label_flip,0.1,0.5,42,55.67,61.30
cifar10,SWB,label_flip,0.1,0.1,7,55.44,41.96
cifar10,SWB,label_flip,0.1,0.5,7,56.57,61.34
cifar10,SWB,label_flip,0.2,0.1,42,47.81,51.33
cifar10,SWB,label_flip,0.2,0.5,42,53.33,58.41
cifar10,SWB,label_flip,0.2,0.1,7,52.29,38.77
cifar10,SWB,label_flip,0.2,0.5,7,55.85,54.20
cifar10,SWB,label_flip,0.3,0.5,42,36.05,53.97
cifar10,SWB,label_flip,0.3,0.1,42,18.87,50.49
cifar10,SWB,label_flip,0.3,0.5,7,46.66,48.74
cifar10,SWB,label_flip,0.3,0.1,7,34.59,43.41
cifar10,SWB,sign_flip,0.1,0.5,42,56.35,60.09
cifar10,SWB,sign_flip,0.1,0.5,7,55.81,60.14
cifar10,SWB,sign_flip,0.1,0.1,7,45.84,44.10
cifar10,SWB,sign_flip,0.1,0.1,42,46.38,60.28
cifar10,SWB,sign_flip,0.2,0.5,42,48.11,56.48
cifar10,SWB,sign_flip,0.2,0.5,7,51.50,52.57
cifar10,SWB,sign_flip,0.2,0.1,42,10.00,10.00
cifar10,SWB,sign_flip,0.2,0.1,7,42.00,33.99
cifar10,SWB,sign_flip,0.3,0.5,42,34.38,51.21
cifar10,SWB,sign_flip,0.3,0.5,7,34.51,42.66
cifar10,SWB,sign_flip,0.3,0.1,42,9.98,10.00
cifar10,SWB,sign_flip,0.3,0.1,7,29.64,35.12
cifar10,SWB,gaussian,0.1,0.5,42,59.04,62.77
cifar10,SWB,gaussian,0.1,0.5,7,58.87,61.93
cifar10,SWB,gaussian,0.1,0.1,42,48.07,59.80
cifar10,SWB,gaussian,0.1,0.1,7,55.86,56.80
cifar10,SWB,gaussian,0.2,0.5,42,53.89,59.53
cifar10,SWB,gaussian,0.2,0.1,42,50.78,57.20
cifar10,SWB,gaussian,0.2,0.5,7,54.84,59.14
cifar10,SWB,gaussian,0.2,0.1,7,53.31,55.88
cifar10,SWB,gaussian,0.3,0.5,42,49.96,57.54
cifar10,SWB,gaussian,0.3,0.1,42,53.56,57.74
cifar10,SWB,gaussian,0.3,0.5,7,54.46,57.35
cifar10,SWB,gaussian,0.3,0.1,7,45.69,56.05
cifar10,SWB,alie,0.1,0.1,7,54.19,54.24
cifar10,SWB,alie,0.1,0.1,42,51.75,58.76
cifar10,SWB,alie,0.2,0.5,42,57.76,62.95
cifar10,SWB,alie,0.1,0.5,42,58.76,63.50
cifar10,SWB,alie,0.2,0.5,7,59.21,61.66
cifar10,SWB,alie,0.1,0.5,7,60.11,62.40
cifar10,SWB,alie,0.2,0.1,42,49.59,60.45
cifar10,SWB,alie,0.2,0.1,7,55.86,53.12
cifar10,SWB,alie,0.3,0.1,7,55.59,52.68
cifar10,SWB,alie,0.3,0.1,42,51.23,58.77
cifar10,SWB,alie,0.3,0.5,42,58.17,62.88
cifar10,SWB,alie,0.3,0.5,7,59.95,61.61
cifar10,SWB,ipm,0.1,0.5,42,59.36,62.91
cifar10,SWB,ipm,0.1,0.5,7,60.79,63.73
cifar10,SWB,ipm,0.1,0.1,42,51.74,59.02
cifar10,SWB,ipm,0.1,0.1,7,55.03,50.83
cifar10,SWB,ipm,0.2,0.1,42,51.52,58.20
cifar10,SWB,ipm,0.2,0.1,7,56.25,55.04
cifar10,SWB,ipm,0.2,0.5,42,57.64,60.85
cifar10,SWB,ipm,0.2,0.5,7,59.19,61.55
cifar10,SWB,ipm,0.3,0.5,42,57.37,61.82
cifar10,SWB,ipm,0.3,0.5,7,61.15,62.31
cifar10,SWB,ipm,0.3,0.1,42,49.51,59.97
cifar10,SWB,ipm,0.3,0.1,7,57.49,57.03
cifar100,SWB,none,0.0,0.5,42,23.42,30.67
cifar100,SWB,none,0.0,0.5,7,23.96,30.10
cifar100,SWB,label_flip,0.2,0.5,42,20.92,26.95
cifar100,SWB,label_flip,0.2,0.5,7,20.31,25.44
cifar100,SWB,sign_flip,0.2,0.5,42,16.32,24.47
cifar100,SWB,sign_flip,0.2,0.5,7,16.50,23.10
cifar100,SWB,gaussian,0.2,0.5,42,22.01,27.74
cifar100,SWB,gaussian,0.2,0.5,7,19.39,28.55
