method,attack,corruption,participation,seed,final_accuracy
FedAvg,none,0.0,0.1,7,54.58
FedAvg,none,0.0,0.1,42,51.42
FedAvg,label_flip,0.1,0.1,7,54.64
FedAvg,label_flip,0.1,0.1,42,49.89
FedAvg,none,0.0,0.5,42,66.41
FedAvg,label_flip,0.1,0.5,42,63.50
FedAvg,none,0.0,0.5,7,65.16
FedAvg,label_flip,0.1,0.5,7,63.77
FedAvg,label_flip,0.2,0.1,7,53.50
FedAvg,label_flip,0.2,0.1,42,48.91
FedAvg,label_flip,0.3,0.1,7,24.88
FedAvg,label_flip,0.2,0.5,42,55.74
FedAvg,label_flip,0.3,0.1,42,22.16
FedAvg,label_flip,0.2,0.5,7,60.18
FedAvg,sign_flip,0.1,0.1,42,48.07
FedAvg,sign_flip,0.1,0.1,7,53.44
FedAvg,label_flip,0.3,0.5,42,30.43
FedAvg,label_flip,0.3,0.5,7,42.26
FedAvg,sign_flip,0.2,0.1,42,10.00
FedAvg,sign_flip,0.2,0.1,7,47.87
FedAvg,sign_flip,0.1,0.5,42,59.29
FedAvg,sign_flip,0.1,0.5,7,58.38
FedAvg,sign_flip,0.3,0.1,42,10.00
FedAvg,sign_flip,0.2,0.5,42,50.77
FedAvg,sign_flip,0.3,0.1,7,32.69
FedAvg,sign_flip,0.2,0.5,7,52.86
FedAvg,gaussian,0.1,0.1,42,50.00
FedAvg,gaussian,0.1,0.1,7,54.47
FedAvg,sign_flip,0.3,0.5,42,20.02
FedAvg,sign_flip,0.3,0.5,7,30.14
FedAvg,gaussian,0.2,0.1,42,48.29
FedAvg,gaussian,0.1,0.5,42,64.58
FedAvg,gaussian,0.2,0.1,7,53.32
FedAvg,gaussian,0.1,0.5,7,64.43
FedAvg,gaussian,0.3,0.1,42,54.90
FedAvg,gaussian,0.2,0.5,42,63.28
FedAvg,gaussian,0.3,0.1,7,51.85
FedAvg,alie,0.1,0.1,42,56.54
FedAvg,gaussian,0.2,0.5,7,62.52
FedAvg,alie,0.1,0.1,7,56.55
FedAvg,gaussian,0.3,0.5,42,59.92
FedAvg,alie,0.2,0.1,42,55.15
FedAvg,gaussian,0.3,0.5,7,61.51
FedAvg,alie,0.1,0.5,42,64.98
FedAvg,alie,0.1,0.5,7,65.16
FedAvg,alie,0.2,0.1,7,54.99
FedAvg,alie,0.2,0.5,42,63.23
FedAvg,alie,0.3,0.1,7,50.19
FedAvg,alie,0.3,0.1,42,49.41
FedAvg,alie,0.2,0.5,7,63.12
FedAvg,ipm,0.1,0.1,42,50.98
FedAvg,alie,0.3,0.5,42,10.00
FedAvg,ipm,0.1,0.1,7,53.76
FedAvg,alie,0.3,0.5,7,59.21
FedAvg,ipm,0.2,0.1,42,51.96
FedAvg,ipm,0.2,0.1,7,49.25
FedAvg,ipm,0.1,0.5,42,61.33
FedAvg,ipm,0.3,0.1,42,52.66
FedAvg,ipm,0.2,0.5,42,53.67
FedAvg,ipm,0.1,0.5,7,60.72
FedAvg,ipm,0.2,0.5,7,53.32
FedAvg,ipm,0.3,0.5,42,29.72
FedAvg,ipm,0.3,0.1,7,48.36
Median,none,0.0,0.1,42,38.37
Median,none,0.0,0.1,7,44.07
FedAvg,ipm,0.3,0.5,7,45.79
Median,label_flip,0.1,0.1,42,39.02
Median,label_flip,0.1,0.1,7,37.50
Median,none,0.0,0.5,42,60.82
Median,none,0.0,0.5,7,62.75
Median,label_flip,0.1,0.5,42,59.39
Median,label_flip,0.2,0.1,42,32.90
Median,label_flip,0.2,0.1,7,35.31
Median,label_flip,0.1,0.5,7,60.23
Median,label_flip,0.3,0.1,42,17.16
Median,label_flip,0.2,0.5,42,51.01
Median,label_flip,0.3,0.1,7,24.83
Median,label_flip,0.2,0.5,7,55.42
Median,sign_flip,0.1,0.1,42,18.14
Median,sign_flip,0.1,0.1,7,22.43
Median,label_flip,0.3,0.5,42,35.64
Median,label_flip,0.3,0.5,7,37.67
Median,sign_flip,0.2,0.1,42,16.93
Median,sign_flip,0.2,0.1,7,11.19
Median,sign_flip,0.1,0.5,42,58.05
Median,sign_flip,0.1,0.5,7,57.79
Median,sign_flip,0.3,0.1,42,10.00
Median,sign_flip,0.2,0.5,42,47.59
Median,sign_flip,0.3,0.1,7,10.00
Median,sign_flip,0.2,0.5,7,49.11
Median,gaussian,0.1,0.1,42,23.96
Median,gaussian,0.1,0.1,7,39.32
Median,sign_flip,0.3,0.5,42,29.10
Median,gaussian,0.2,0.1,42,19.47
Median,sign_flip,0.3,0.5,7,37.20
Median,gaussian,0.1,0.5,42,60.75
Median,gaussian,0.2,0.1,7,29.20
Median,gaussian,0.1,0.5,7,61.61
Median,gaussian,0.3,0.1,42,14.79
Median,gaussian,0.2,0.5,42,58.00
Median,gaussian,0.3,0.1,7,23.31
Median,gaussian,0.2,0.5,7,60.00
Median,alie,0.1,0.1,42,42.81
Median,alie,0.1,0.1,7,47.44
Median,gaussian,0.3,0.5,42,51.81
Median,alie,0.2,0.1,42,45.29
Median,gaussian,0.3,0.5,7,57.16
Median,alie,0.1,0.5,42,62.75
Median,alie,0.2,0.1,7,48.21
Median,alie,0.1,0.5,7,63.82
Median,alie,0.2,0.5,42,57.11
Median,alie,0.3,0.1,7,45.01
Median,alie,0.3,0.1,42,46.21
Median,alie,0.2,0.5,7,60.52
Median,ipm,0.1,0.1,42,10.00
Median,alie,0.3,0.5,42,11.37
Median,ipm,0.1,0.1,7,10.00
Median,alie,0.3,0.5,7,49.48
Median,ipm,0.2,0.1,42,10.00
Median,ipm,0.2,0.1,7,10.00
Median,ipm,0.1,0.5,42,57.23
Median,ipm,0.2,0.5,42,39.17
Median,ipm,0.1,0.5,7,57.60
Median,ipm,0.3,0.1,42,10.00
Median,ipm,0.2,0.5,7,46.84
Median,ipm,0.3,0.5,42,10.00
Median,ipm,0.3,0.1,7,10.00
Krum,none,0.0,0.1,42,47.58
Krum,none,0.0,0.1,7,38.62
Median,ipm,0.3,0.5,7,9.45
Krum,label_flip,0.1,0.1,42,50.49
Krum,label_flip,0.1,0.1,7,41.60
Krum,none,0.0,0.5,42,33.39
Krum,none,0.0,0.5,7,34.83
Krum,label_flip,0.1,0.5,42,33.87
Krum,label_flip,0.2,0.1,42,47.26
Krum,label_flip,0.2,0.1,7,40.16
Krum,label_flip,0.1,0.5,7,37.46
Krum,label_flip,0.2,0.5,42,35.26
Krum,label_flip,0.3,0.1,42,42.77
Krum,label_flip,0.3,0.1,7,40.52
Krum,label_flip,0.2,0.5,7,36.49
Krum,sign_flip,0.1,0.1,42,48.42
Krum,sign_flip,0.1,0.1,7,40.08
Krum,label_flip,0.3,0.5,42,34.83
Krum,label_flip,0.3,0.5,7,35.24
Krum,sign_flip,0.2,0.1,42,44.61
Krum,sign_flip,0.1,0.5,42,34.82
Krum,sign_flip,0.2,0.1,7,39.48
Krum,sign_flip,0.1,0.5,7,37.22
Krum,sign_flip,0.3,0.1,42,10.00
Krum,sign_flip,0.2,0.5,42,34.19
Krum,sign_flip,0.3,0.1,7,39.61
Krum,sign_flip,0.2,0.5,7,37.39
Krum,gaussian,0.1,0.1,42,49.57
Krum,gaussian,0.1,0.1,7,41.21
Krum,sign_flip,0.3,0.5,42,33.23
Krum,gaussian,0.2,0.1,42,45.85
Krum,sign_flip,0.3,0.5,7,35.68
Krum,gaussian,0.1,0.5,42,33.03
Krum,gaussian,0.2,0.1,7,40.76
Krum,gaussian,0.1,0.5,7,38.01
Krum,gaussian,0.3,0.1,42,46.44
Krum,gaussian,0.2,0.5,42,33.91
Krum,gaussian,0.3,0.1,7,39.08
Krum,gaussian,0.2,0.5,7,37.74
Krum,alie,0.1,0.1,42,45.64
Krum,alie,0.1,0.1,7,48.66
Krum,gaussian,0.3,0.5,42,35.48
Krum,alie,0.2,0.1,42,46.74
Krum,gaussian,0.3,0.5,7,35.70
Krum,alie,0.1,0.5,42,62.53
Krum,alie,0.2,0.1,7,49.17
Krum,alie,0.1,0.5,7,63.14
Krum,alie,0.2,0.5,42,55.35
Krum,alie,0.3,0.1,42,47.72
Krum,alie,0.3,0.1,7,50.28
Krum,alie,0.2,0.5,7,47.11
Krum,ipm,0.1,0.1,42,45.39
Krum,alie,0.3,0.5,42,9.98
Krum,ipm,0.1,0.1,7,48.56
Krum,alie,0.3,0.5,7,27.57
Krum,ipm,0.2,0.1,42,45.75
Krum,ipm,0.2,0.1,7,48.04
Krum,ipm,0.1,0.5,42,35.81
Krum,ipm,0.1,0.5,7,39.59
Krum,ipm,0.2,0.5,42,10.00
Krum,ipm,0.3,0.1,42,45.15
Krum,ipm,0.2,0.5,7,18.89
Krum,ipm,0.3,0.1,7,49.28
Krum,ipm,0.3,0.5,42,10.00
Bulyan,none,0.0,0.1,42,50.46
Krum,ipm,0.3,0.5,7,10.00
Bulyan,none,0.0,0.1,7,57.51
Bulyan,label_flip,0.1,0.1,42,49.19
Bulyan,label_flip,0.1,0.1,7,55.64
Bulyan,none,0.0,0.5,42,65.42
Bulyan,none,0.0,0.5,7,65.37
Bulyan,label_flip,0.1,0.5,42,62.44
Bulyan,label_flip,0.2,0.1,42,49.94
Bulyan,label_flip,0.2,0.1,7,55.24
Bulyan,label_flip,0.1,0.5,7,63.18
Bulyan,label_flip,0.2,0.5,42,56.00
Bulyan,label_flip,0.3,0.1,42,22.34
Bulyan,label_flip,0.3,0.1,7,25.83
Bulyan,label_flip,0.2,0.5,7,59.65
Bulyan,sign_flip,0.1,0.1,42,48.84
Bulyan,sign_flip,0.1,0.1,7,56.12
Bulyan,label_flip,0.3,0.5,42,44.71
Bulyan,label_flip,0.3,0.5,7,51.91
Bulyan,sign_flip,0.2,0.1,42,10.00
Bulyan,sign_flip,0.2,0.1,7,48.19
Bulyan,sign_flip,0.1,0.5,42,62.03
Bulyan,sign_flip,0.1,0.5,7,60.81
Bulyan,sign_flip,0.3,0.1,42,10.00
Bulyan,sign_flip,0.2,0.5,42,51.09
Bulyan,sign_flip,0.3,0.1,7,29.89
Bulyan,sign_flip,0.2,0.5,7,54.74
Bulyan,gaussian,0.1,0.1,42,49.70
Bulyan,gaussian,0.1,0.1,7,55.89
Bulyan,sign_flip,0.3,0.5,42,34.86
Bulyan,sign_flip,0.3,0.5,7,42.21
Bulyan,gaussian,0.2,0.1,42,48.35
Bulyan,gaussian,0.1,0.5,42,62.84
Bulyan,gaussian,0.2,0.1,7,55.27
Bulyan,gaussian,0.1,0.5,7,63.15
Bulyan,gaussian,0.3,0.1,42,53.88
Bulyan,gaussian,0.2,0.5,42,55.74
Bulyan,gaussian,0.3,0.1,7,51.03
Bulyan,gaussian,0.2,0.5,7,58.35
Bulyan,alie,0.1,0.1,42,55.46
Bulyan,alie,0.1,0.1,7,58.52
Bulyan,gaussian,0.3,0.5,42,49.42
Bulyan,alie,0.2,0.1,42,54.86
Bulyan,gaussian,0.3,0.5,7,52.59
Bulyan,alie,0.1,0.5,42,61.73
Bulyan,alie,0.2,0.1,7,57.42
Bulyan,alie,0.1,0.5,7,63.46
Bulyan,alie,0.2,0.5,42,57.26
Bulyan,alie,0.3,0.1,7,50.42
Bulyan,alie,0.3,0.1,42,50.33
Bulyan,alie,0.2,0.5,7,51.75
Bulyan,ipm,0.1,0.1,42,50.56
Bulyan,ipm,0.1,0.1,7,55.54
Bulyan,alie,0.3,0.5,42,10.61
Bulyan,alie,0.3,0.5,7,22.75
Bulyan,ipm,0.2,0.1,42,50.82
Bulyan,ipm,0.2,0.1,7,53.04
Bulyan,ipm,0.1,0.5,42,62.40
Bulyan,ipm,0.3,0.1,42,49.84
Bulyan,ipm,0.1,0.5,7,62.16
Bulyan,ipm,0.2,0.5,42,41.90
Bulyan,ipm,0.2,0.5,7,37.25
Bulyan,ipm,0.3,0.5,42,10.00
Bulyan,ipm,0.3,0.1,7,47.93
FLTrust,none,0.0,0.1,42,54.43
FLTrust,none,0.0,0.1,7,54.29
Bulyan,ipm,0.3,0.5,7,10.00
FLTrust,label_flip,0.1,0.1,42,54.07
FLTrust,label_flip,0.1,0.1,7,54.13
FLTrust,none,0.0,0.5,42,57.93
FLTrust,none,0.0,0.5,7,59.16
FLTrust,label_flip,0.1,0.5,42,56.13
FLTrust,label_flip,0.2,0.1,42,52.28
FLTrust,label_flip,0.2,0.1,7,54.13
FLTrust,label_flip,0.1,0.5,7,57.76
FLTrust,label_flip,0.2,0.5,42,55.59
FLTrust,label_flip,0.3,0.1,42,48.97
FLTrust,label_flip,0.3,0.1,7,47.34
FLTrust,label_flip,0.2,0.5,7,57.25
FLTrust,sign_flip,0.1,0.1,42,54.74
FLTrust,sign_flip,0.1,0.1,7,54.58
FLTrust,label_flip,0.3,0.5,42,54.51
FLTrust,label_flip,0.3,0.5,7,56.09
FLTrust,sign_flip,0.2,0.1,42,50.76
FLTrust,sign_flip,0.2,0.1,7,54.73
FLTrust,sign_flip,0.1,0.5,42,56.34
FLTrust,sign_flip,0.1,0.5,7,57.51
FLTrust,sign_flip,0.3,0.1,42,41.83
FLTrust,sign_flip,0.2,0.5,42,55.18
FLTrust,sign_flip,0.3,0.1,7,44.86
FLTrust,sign_flip,0.2,0.5,7,57.03
FLTrust,gaussian,0.1,0.1,42,54.81
FLTrust,gaussian,0.1,0.1,7,54.39
FLTrust,sign_flip,0.3,0.5,42,52.90
FLTrust,gaussian,0.2,0.1,42,52.19
FLTrust,sign_flip,0.3,0.5,7,55.01
FLTrust,gaussian,0.1,0.5,42,56.25
FLTrust,gaussian,0.2,0.1,7,53.98
FLTrust,gaussian,0.1,0.5,7,57.41
FLTrust,gaussian,0.3,0.1,42,49.34
FLTrust,gaussian,0.2,0.5,42,55.23
FLTrust,gaussian,0.3,0.1,7,45.07
FLTrust,gaussian,0.2,0.5,7,57.02
FLTrust,alie,0.1,0.1,42,55.95
FLTrust,alie,0.1,0.1,7,54.31
FLTrust,gaussian,0.3,0.5,42,53.06
FLTrust,alie,0.2,0.1,42,55.37
FLTrust,gaussian,0.3,0.5,7,54.83
FLTrust,alie,0.1,0.5,42,57.68
FLTrust,alie,0.2,0.1,7,55.16
FLTrust,alie,0.1,0.5,7,57.14
FLTrust,alie,0.2,0.5,42,57.47
FLTrust,alie,0.3,0.1,7,47.12
FLTrust,alie,0.3,0.1,42,52.84
FLTrust,alie,0.2,0.5,7,57.39
FLTrust,alie,0.3,0.5,42,53.56
FLTrust,ipm,0.1,0.1,42,56.12
FLTrust,ipm,0.1,0.1,7,54.49
FLTrust,alie,0.3,0.5,7,55.64
FLTrust,ipm,0.2,0.1,7,55.11
FLTrust,ipm,0.2,0.1,42,55.64
FLTrust,ipm,0.1,0.5,42,56.74
FLTrust,ipm,0.2,0.5,42,55.84
FLTrust,ipm,0.1,0.5,7,56.44
FLTrust,ipm,0.3,0.1,42,52.68
FLTrust,ipm,0.2,0.5,7,57.10
FLTrust,ipm,0.3,0.1,7,47.39
FLTrust,ipm,0.3,0.5,42,53.04
FLTrust,ipm,0.3,0.5,7,55.31
SWB,none,0.0,0.1,42,50.50
SWB,none,0.0,0.1,7,56.24
SWB,none,0.0,0.5,42,60.72
SWB,none,0.0,0.5,7,60.56
SWB,label_flip,0.1,0.5,42,58.26
SWB,label_flip,0.1,0.5,7,59.27
SWB,label_flip,0.1,0.1,42,51.90
SWB,label_flip,0.1,0.1,7,56.20
SWB,label_flip,0.2,0.1,42,49.13
SWB,label_flip,0.2,0.1,7,53.69
SWB,label_flip,0.2,0.5,42,51.65
SWB,label_flip,0.2,0.5,7,54.95
SWB,label_flip,0.3,0.5,42,34.25
SWB,label_flip,0.3,0.1,42,31.97
SWB,label_flip,0.3,0.1,7,34.87
SWB,label_flip,0.3,0.5,7,46.75
SWB,sign_flip,0.1,0.1,42,49.32
SWB,sign_flip,0.1,0.1,7,52.25
SWB,sign_flip,0.1,0.5,42,56.41
SWB,sign_flip,0.1,0.5,7,56.56
SWB,sign_flip,0.2,0.5,42,46.50
SWB,sign_flip,0.2,0.5,7,53.44
SWB,sign_flip,0.2,0.1,42,10.25
SWB,sign_flip,0.2,0.1,7,44.27
SWB,sign_flip,0.3,0.1,42,10.00
SWB,sign_flip,0.3,0.5,42,33.94
SWB,sign_flip,0.3,0.1,7,31.18
SWB,sign_flip,0.3,0.5,7,40.34
SWB,gaussian,0.1,0.5,42,58.07
SWB,gaussian,0.1,0.1,42,50.51
SWB,gaussian,0.1,0.5,7,60.93
SWB,gaussian,0.1,0.1,7,53.96
SWB,gaussian,0.2,0.5,42,55.01
SWB,gaussian,0.2,0.1,42,47.91
SWB,gaussian,0.2,0.1,7,51.64
SWB,gaussian,0.2,0.5,7,56.18
SWB,gaussian,0.3,0.5,42,48.91
SWB,gaussian,0.3,0.1,42,51.91
SWB,gaussian,0.3,0.5,7,53.15
SWB,gaussian,0.3,0.1,7,45.69
SWB,alie,0.1,0.5,42,63.26
SWB,alie,0.1,0.1,42,54.87
SWB,alie,0.1,0.1,7,56.31
SWB,alie,0.1,0.5,7,63.87
SWB,alie,0.2,0.5,42,56.41
SWB,alie,0.2,0.5,7,55.86
SWB,alie,0.2,0.1,42,53.95
SWB,alie,0.2,0.1,7,55.56
SWB,alie,0.3,0.5,42,10.00
SWB,alie,0.3,0.1,42,47.41
SWB,alie,0.3,0.1,7,50.17
SWB,alie,0.3,0.5,7,30.98
SWB,ipm,0.1,0.5,42,56.24
SWB,ipm,0.1,0.1,42,54.21
SWB,ipm,0.1,0.1,7,56.53
SWB,ipm,0.1,0.5,7,59.31
SWB,ipm,0.2,0.5,42,45.08
SWB,ipm,0.2,0.5,7,46.74
SWB,ipm,0.2,0.1,7,53.83
SWB,ipm,0.2,0.1,42,49.39
SWB,ipm,0.3,0.5,42,10.00
SWB,ipm,0.3,0.5,7,8.40
SWB,ipm,0.3,0.1,42,54.57
SWB,ipm,0.3,0.1,7,48.13
SWB-DM,none,0.0,0.1,42,24.04
SWB-DM,none,0.0,0.5,42,49.65
SWB-DM,none,0.0,0.1,7,21.22
SWB-DM,none,0.0,0.5,7,54.69
SWB-DM,label_flip,0.1,0.5,42,49.80
SWB-DM,label_flip,0.1,0.5,7,51.75
SWB-DM,label_flip,0.1,0.1,42,23.64
SWB-DM,label_flip,0.1,0.1,7,18.34
SWB-DM,label_flip,0.2,0.1,42,18.67
SWB-DM,label_flip,0.2,0.5,42,47.08
SWB-DM,label_flip,0.2,0.1,7,11.20
SWB-DM,label_flip,0.2,0.5,7,47.80
SWB-DM,label_flip,0.3,0.5,42,40.40
SWB-DM,label_flip,0.3,0.1,42,16.61
SWB-DM,label_flip,0.3,0.1,7,13.40
SWB-DM,label_flip,0.3,0.5,7,44.21
SWB-DM,sign_flip,0.1,0.5,42,43.35
SWB-DM,sign_flip,0.1,0.1,42,19.89
SWB-DM,sign_flip,0.1,0.1,7,19.46
SWB-DM,sign_flip,0.1,0.5,7,48.07
SWB-DM,sign_flip,0.2,0.5,42,41.33
SWB-DM,sign_flip,0.2,0.1,42,15.37
SWB-DM,sign_flip,0.2,0.5,7,40.98
SWB-DM,sign_flip,0.2,0.1,7,13.73
SWB-DM,sign_flip,0.3,0.5,42,33.76
SWB-DM,sign_flip,0.3,0.1,42,10.15
SWB-DM,sign_flip,0.3,0.5,7,36.29
SWB-DM,sign_flip,0.3,0.1,7,12.33
SWB-DM,gaussian,0.1,0.5,42,47.32
SWB-DM,gaussian,0.1,0.1,42,20.81
SWB-DM,gaussian,0.1,0.1,7,16.15
SWB-DM,gaussian,0.1,0.5,7,47.69
SWB-DM,gaussian,0.2,0.5,42,46.16
SWB-DM,gaussian,0.2,0.1,42,12.94
SWB-DM,gaussian,0.2,0.5,7,45.14
SWB-DM,gaussian,0.2,0.1,7,10.98
SWB-DM,gaussian,0.3,0.5,42,42.57
SWB-DM,gaussian,0.3,0.1,42,10.68
SWB-DM,gaussian,0.3,0.5,7,44.36
SWB-DM,gaussian,0.3,0.1,7,15.67
SWB-DM,alie,0.1,0.5,42,56.20
SWB-DM,alie,0.1,0.5,7,55.76
SWB-DM,alie,0.1,0.1,42,21.61
SWB-DM,alie,0.1,0.1,7,18.68
SWB-DM,alie,0.2,0.5,42,47.74
SWB-DM,alie,0.2,0.5,7,49.46
SWB-DM,alie,0.2,0.1,42,20.62
SWB-DM,alie,0.2,0.1,7,20.93
SWB-DM,alie,0.3,0.5,42,41.29
SWB-DM,alie,0.3,0.5,7,37.83
SWB-DM,alie,0.3,0.1,42,18.51
SWB-DM,alie,0.3,0.1,7,20.45
SWB-DM,ipm,0.1,0.5,42,44.32
SWB-DM,ipm,0.1,0.1,42,18.69
SWB-DM,ipm,0.1,0.5,7,47.37
SWB-DM,ipm,0.1,0.1,7,20.34
SWB-DM,ipm,0.2,0.5,42,34.36
SWB-DM,ipm,0.2,0.5,7,42.05
SWB-DM,ipm,0.2,0.1,42,15.88
SWB-DM,ipm,0.2,0.1,7,17.48
SWB-DM,ipm,0.3,0.5,42,17.45
SWB-DM,ipm,0.3,0.5,7,20.56
SWB-DM,ipm,0.3,0.1,42,17.61
SWB-DM,ipm,0.3,0.1,7,10.00
